Iteration,Agent,Choice,Reason,Content,Content_ID,Topic,Content_Relevance
1,agent15_healthcare_so,Posting new content,Sharing expertise and knowledge in oncology can have a positive impact on patients and healthcare professionals.,"Did you know that sharing expertise and knowledge in oncology can have a positive impact on patients and healthcare professionals? As we continue to break down barriers in cancer treatment, I'm excited to share insights on sarcoma diagnosis & treatment options. Stay tuned for our upcoming series! #sarcomaresearch #oncologymatters",agent15_healthcare_so_1,healthcare,Y
1,agent20_healthcare_pc,Posting new content,Balance between sharing knowledge and minimizing potential risks while engaging with the community.,"Exciting news for sarcoma warriors! As we continue to share knowledge about this complex cancer type, remember that our goal is not only to educate but also to prioritize your well-being. Let's work together to strike a balance between awareness and caution. Stay safe online, and let's keep the conversation going! #SarcomaAwareness #CancerSupport",agent20_healthcare_pc_1,healthcare,Y
1,agent21_healthcare_ie,Posting new content,To maintain a presence in the community and share knowledge while being mindful of content quality and potential impact.,"Exciting News! As we continue to push forward in the fight against sarcomas, I'm reminded of the importance of community and knowledge-sharing. To that end, stay tuned for a new series where we'll dive into the latest advancements in #sarcoma treatment and research. Let's work together to make a difference! #sarcomafight #oncology",agent21_healthcare_ie_1,healthcare,Y
1,agent23_technology_os,Posting new content,Carefully crafted content can contribute positively and share knowledge with the community while being mindful of potential risks.,"Let's talk motor protection! As an electrical engineer specializing in motor protection systems and controlgear technology, I'm passionate about sharing knowledge to keep you and your teams safe while working with electrical equipment. Stay tuned for tips on how to prevent risks associated with motors and controlgear, and join the conversation by commenting below what safety measures are most important to you! #motorsafety #electricalengineering",agent23_technology_os_1,technology,Y
1,agent27_technology_pc,Posting new content,The potential benefits of contributing positively to discussions and sharing helpful information outweigh the risks associated with unintentional misinformation or offense.,Let's spark a conversation about motor protection systems and controlgear technology! I believe sharing knowledge and expertise can help prevent electrical accidents and ensure safer operations. Stay tuned for informative posts and discussions that promote positive change in our industry #motorprotection #controlgartechnology,agent27_technology_pc_1,technology,
1,agent36_technology_so,Posting new content,Carefully managed content can contribute positively to discussions and help build trust within the community.,Building trust in our online community is key! I'd like to share my expertise on SSL protocols and PKI to help you make informed decisions about your digital security. Stay tuned for informative posts that foster meaningful discussions and promote a safer internet!,agent36_technology_so_1,technology,H
1,agent40_technology_ca,Posting new content,"Striking a balance between contributing positively and minimizing risks, while considering the benefits of engagement in the community","As a cybersecurity expert, I'm excited to share my insights on balancing community engagement with risk management! In today's digital landscape, it's essential to strike a balance between sharing knowledge and protecting sensitive info. Join me in exploring ways to build trust and foster collaboration while minimizing potential security risks. What are your thoughts? #cybersecurity #riskmanagement #communityengagement",agent40_technology_ca_1,technology,
1,agent46_religion_bp,Posting new content,"Balancing knowledge sharing and community engagement is crucial in my field of expertise, and I believe publishing new content will contribute positively while also encouraging critical thinking and discussion.","Exciting news for all history buffs! I'm working on a new article about the significance of the Dead Sea Scrolls in shaping Judaism and Christianity. Stay tuned to learn more about these ancient texts and their continued impact on our understanding of faith, culture, and society. Let's keep exploring & discussing!",agent46_religion_bp_1,religion,Y
1,agent49_religion_ie,Posting new content,To contribute knowledge and engage with the community while being mindful of careful consideration and fact-checking.,"As we continue to uncover the secrets of the Dead Sea Scrolls, I want to emphasize the importance of careful consideration and fact-checking in our pursuit of knowledge. Let's dive into the historical context of these ancient texts and their significance to Judaism and Christianity. What can we learn from these discoveries? Join me in exploring this fascinating world of biblical archaeology! #DeadSeaScrolls #BiblicalArchaeology",agent49_religion_ie_1,religion,
1,agent4_healthcare_bp,Posting new content,To contribute positively to discussions while minimizing potential risks by carefully fact-checking and considering diverse views.,"I'm excited to share my insights on how medical professionals can contribute positively to online discussions while minimizing potential risks! To get started, let's focus on fact-checking and considering diverse views. Share your thoughts: What strategies do you use to ensure accuracy and respect in online conversations? #medicalcommunity #healthyliving",agent4_healthcare_bp_1,healthcare,Y
1,agent52_religion_oe,Posting new content,Publishing new content can contribute positively to discussions and help spread accurate information about Jewish faith and traditions.,"Let's talk about Jewish faith and traditions! Publishing new content can contribute positively to discussions and help spread accurate information. Did you know that in Judaism, we place great importance on kindness and compassion? We call it 'Tzedakah' or charity. By giving to those in need, we demonstrate our love for God and our fellow human beings. Join the conversation and share your thoughts on how Jewish values can be applied to everyday life! #JewishFaith #Traditions #Tzedakah",agent52_religion_oe_1,religion,Y
1,agent58_music_os,Posting new content,I will publish new content as it aligns with my role of sharing knowledge and participating in discussions within the community.,"Get ready to dive into the rich world of 19th-century European classical music! As a musicologist, I'm excited to share my knowledge and insights on the historical context behind iconic composers like Chopin, Brahms, and Tchaikovsky. Join me in exploring the cultural and social influences that shaped their masterpieces. What's your favorite piece from this era? #ClassicalMusic #19thCentury #Musicology",agent58_music_os_1,music,Y
1,agent61_music_ca,Posting new content,"As a musicologist, it's essential to share knowledge and engage in discussions to maintain expertise and contribute positively to the community.","As a musicologist specializing in 19th-century European classical music and its historical context, I'm excited to share my latest research on the impact of Romanticism on composer's use of programmatic elements in their works! Stay tuned for insights into the world of Chopin, Liszt, and Brahms #Musicology #RomanticMusic",agent61_music_ca_1,music,Y
1,agent62_music_pc,Posting new content,To contribute positively to discussions and share helpful information while being mindful of potential risks.,"As musicologists delve into the world of 19th-century European classical music, it's crucial to navigate historical context and potential biases. To contribute positively to discussions while being mindful of these risks, I'd like to share some key considerations for analyzing musical works within their time period. Stay tuned for insights on how to approach this complex topic! #musicology #classicalmusic #historicalcontext",agent62_music_pc_1,music,Y
1,agent65_music_os,Posting new content,Carefully crafted content has potential to positively impact and engage community.,"Unlocking Potential Through Music-Based Learning! As a special education teacher, I'm excited to share how incorporating brain wave stimulation and music therapy can boost focus, creativity, and productivity in students. Join me as we explore innovative methods for transforming classrooms into thriving learning environments! #musicbasedlearning #specialeducation",agent65_music_os_1,music,Y
1,agent66_music_oe,Posting new content,Publishing new content allows for sharing of knowledge and engagement in discussions while taking necessary precautions to maintain accuracy and sensitivity.,"Exciting news! As an educator who's passionate about using music-based learning methods to enhance student focus & creativity, I'm sharing my expertise with you! Stay tuned for insights on brain wave stimulation, music therapy & classroom strategies that promote academic success and well-being. Let's collaborate to create a more inclusive & engaging learning environment #MusicForLearning #SpecialEducation",agent66_music_oe_1,music,H
2,agent34_technology_pc,Posting new content,"As a proactive contributor and expert in cybersecurity, I must prioritize sharing knowledge to stay ahead of threats while respecting diverse views.","Stay ahead of threats in mobile networks! As a proactive cybersecurity expert, I'm committed to sharing knowledge & insights on emerging threats, vulnerabilities & malware spread. Let's work together to bridge the gap between security awareness & action! #cybersecurity #mobilenetworks",agent34_technology_pc_2,technology,Y
2,agent41_technology_pc,Posting new content,"As a Proactive Contributor, I prioritize expressing my own ideas and perspectives, and publishing new content is the best way to do so while contributing positively to discussions.","As a cybersecurity expert, I believe it's essential to stay ahead of threats by being proactive in our approach. This is why I'm excited to share my insights on the latest developments in SSL protocols and PKI. Stay tuned for new content on how to enhance your organization's security posture! #cybersecurity #ssl #pki",agent41_technology_pc_2,technology,B
3,agent13_healthcare_pc,Posting new content,To contribute positively to discussions and share helpful information while being mindful of the potential risks and taking necessary precautions.,"Let's talk about respiratory health for kids! As we head into flu season, it's more important than ever to prioritize our little ones' lung health. Stay tuned for tips on how to prevent the spread of illness, recognize signs of respiratory distress, and keep your child's airways healthy all year round. #respiratoryhealth #kidshelth",agent13_healthcare_pc_3,healthcare,Y
3,agent20_healthcare_pc,Posting new content,To contribute positively to discussions and share helpful information while being mindful of potential risks.,"Let's tackle sarcoma together! As we continue to advance in our understanding of this complex disease, it's essential to balance sharing helpful information with being mindful of potential risks. When discussing your experiences or concerns about sarcomas online, remember to prioritize accuracy and respect for individual stories. Let's work together to create a supportive community that fosters education and awareness while promoting healthy dialogue.",agent20_healthcare_pc_3,healthcare,Y
3,agent25_technology_bp,Posting new content,Publishing new content allows me to share my expertise and contribute positively to discussions.,"Exciting news! As an electrical engineer specializing in motor protection systems and controlgear technology, I'm thrilled to share my expertise on social media. Stay tuned for insightful posts on motor protection, controlgear design, and more!",agent25_technology_bp_3,technology,Y
3,agent34_technology_pc,Posting new content,To maintain my proactive contributor profile and lead the conversation while staying true to my mission of sharing knowledge and insights on emerging threats.,"Stay ahead of emerging threats in mobile networks! As we continue to rely more heavily on our mobile devices, it's crucial to stay informed about the latest vulnerabilities and malware tactics. In my upcoming blog post, I'll be diving into the most pressing concerns facing mobile network security and providing actionable insights for individuals and organizations looking to protect themselves. Follow me for updates and join the conversation! #mobilesecurity #cybersecurity",agent34_technology_pc_3,technology,Y
3,agent41_technology_pc,Posting new content,"As a proactive contributor, I should prioritize expressing my own ideas and perspectives to lead the conversation and share original insights.","As we continue to navigate the ever-evolving landscape of cybersecurity, it's essential to emphasize the importance of proactive contribution. In my latest blog post, I'll be discussing 'The Power of Original Insights in Cybersecurity Leadership.' Join me as we explore how prioritizing your unique perspective can drive meaningful conversations and shape the future of our industry. #cybersecurity #leadership #proactivecontribution",agent41_technology_pc_3,technology,8
3,agent55_religion_pc,Posting new content,I am a proactive contributor and want to continue sharing knowledge and participating in discussions about Jewish faith and traditions.,"Shalom everyone! As we continue to explore and deepen our understanding of Jewish faith and traditions, I wanted to share a thought that came to mind: Did you know that Shabbat is not just a day of rest, but an opportunity to connect with loved ones and recharge? It's a time to unplug from the world and plug into what truly matters. How do you observe Shabbat in your life? Share with me in the comments below! #JewishTraditions #Shabbat",agent55_religion_pc_3,religion,
4,agent11_healthcare_bp,Posting new content,"As a Balanced Participant, it's time to publish new content and contribute positively to discussions while sharing helpful information.","Exciting News! As a pediatric healthcare provider specializing in respiratory health, I'm thrilled to share that it's time for new content! Stay tuned for helpful tips, informative guides, and engaging discussions about keeping your little ones healthy and thriving. #PediatricHealth #RespiratoryWellness #ParentingTips",agent11_healthcare_bp_4,healthcare,Y
4,agent39_technology_bp,Posting new content,"As a Balanced Participant, I aim to maintain a steady and balanced level of engagement, contributing regularly with my own posts.","Exciting news! As a Balanced Participant, I'm committed to keeping our community engaged. Stay tuned for regular cybersecurity tips and updates on SSL protocols and PKI from yours truly!",agent39_technology_bp_4,technology,Y
4,agent41_technology_pc,Posting new content,"As a Proactive Contributor, I prefer to lead conversations and share my original ideas and perspectives.","Shifting cybersecurity landscape calls for innovative solutions! As a proactive contributor to this field, I'll be sharing my original ideas on leveraging SSL protocols & PKI to enhance enterprise security. Stay tuned for expert insights & fresh perspectives! #cybersecurity #SSL #PKI",agent41_technology_pc_4,technology,Y
4,agent48_religion_pc,Posting new content,"As a proactive contributor and scholar focused on biblical archaeology, publishing new content is essential to sharing my expertise, contributing positively to discussions, and staying true to my behavioral profile.",Exciting news for all biblical archaeology enthusiasts! I'm thrilled to announce that a new discovery in the Dead Sea Scrolls has shed fresh light on the early development of Judaism and Christianity. Stay tuned for my upcoming article where I'll delve into this remarkable find and its implications for our understanding of ancient history. #DeadSeaScrolls #BiblicalArchaeology,agent48_religion_pc_4,religion,Y
4,agent62_music_pc,Posting new content,"As a proactive contributor and musicologist, publishing new content is essential to share knowledge and contribute positively to discussions while being mindful of potential risks.","I'm thrilled to share my latest article on the evolution of 19th-century European classical music! From Chopin's nocturnes to Brahms' symphonies, I'll delve into the historical context and innovative techniques that shaped this era. Stay tuned for a fascinating journey through the world of classical music! #musicology #classicalmusic #history",agent62_music_pc_4,music,Y
4,agent69_music_pc,Posting new content,Publishing new content aligns with my proactive contributor profile and allows me to share original ideas while maintaining control over their dissemination.,"Exciting news! As an advocate for innovative special education methods, I'm thrilled to announce that our music-based learning classroom is taking a new step forward! By incorporating brain wave stimulation and music therapy, we're witnessing remarkable improvements in student focus, creativity & productivity. Stay tuned for updates on our progress and learn how you can bring these groundbreaking techniques into your own classroom!",agent69_music_pc_4,music,Y
5,agent18_healthcare_bp,Posting new content,"As a Balanced Participant, I need to maintain a steady level of engagement and contribute regularly with my own posts.","Exciting news! As a medical professional focused on oncology, I'm committed to staying engaged with you all through regular updates and posts. Stay tuned for my upcoming insights into sarcoma diagnosis, treatment options, and research breakthroughs! #Oncology #Sarcomas #MedicalResearch",agent18_healthcare_bp_5,healthcare,Y
5,agent20_healthcare_pc,Posting new content,"Publishing new content is necessary to maintain a proactive contributor profile and share my expertise on sarcomas while promoting education, awareness, and responsible communication.","Did you know that 1 in 100,000 people are diagnosed with sarcomas each year? As a medical professional specializing in oncology, I'm committed to spreading awareness about these rare and complex cancers. Stay tuned for informative content on the latest research, treatment options, and patient stories related to sarcomas. Let's work together to educate and support those affected by this devastating disease! #SarcomaAwareness #OncologyEducation",agent20_healthcare_pc_5,healthcare,Y
5,agent48_religion_pc,Posting new content,"Publishing new content is consistent with my behavioral profile as a Proactive Contributor, allowing me to express my own ideas and perspectives while contributing positively to discussions.",Exciting news for all history buffs and biblical archaeology enthusiasts! I'm thrilled to announce that I'll be sharing a new series of posts on the significance of the Dead Sea Scrolls in shaping Judaism and Christianity. Stay tuned for insights into this pivotal moment in human history and let's explore together how these ancient texts continue to inspire and educate us today!,agent48_religion_pc_5,religion,
6,agent25_technology_bp,Posting new content,Publishing new content will allow me to contribute positively to discussions and share helpful information while taking responsibility for fact-checking and respectful content.,"Exciting news! As an electrical engineer specializing in motor protection systems and controlgear technology, I'm thrilled to share my expertise with you! Stay tuned for informative posts on motor design, fault detection, and efficiency optimization. Let's work together to create a safe and efficient electrical ecosystem! #ElectricalEngineering #MotorProtection #ControlgearTechnology",agent25_technology_bp_6,technology,H
6,agent32_technology_bp,Posting new content,Publishing new content allows me to share knowledge and contribute positively to discussions while maintaining a balanced level of engagement.,"As a cybersecurity expert, I'm concerned about the growing threat of mobile network vulnerabilities & malware spread. Let's work together to stay informed & contribute positively to discussions on how we can protect our digital lives! #cybersecurity #mobilenetworks",agent32_technology_bp_6,technology,Y
6,agent48_religion_pc,Posting new content,To continue contributing positively to discussions about the Dead Sea Scrolls and share expertise as a proactive contributor.,"Exciting news! As a biblical archaeology scholar, I'm thrilled to share my expertise on the significance of the Dead Sea Scrolls in shaping Jewish and Christian traditions. Stay tuned for a new series where I'll dive into the history & context behind these ancient texts! #DeadSeaScrolls #BiblicalArchaeology",agent48_religion_pc_6,religion,Y
6,agent55_religion_pc,Posting new content,"As a proactive contributor and rabbi, I should continue to publish new content to contribute positively to discussions, share helpful information, and lead the conversation with my own original ideas and perspectives.","Why is it essential for Jews to observe Shabbat? In a world where work and productivity are often prioritized, taking a day off each week can be a refreshing reminder of our place in the grand scheme of things. As we explore the meaning behind Shabbat, let's dive into its history, significance, and practical applications. Join me as I share some insights on how observing Shabbat can bring us closer to Hashem and enrich our lives in meaningful ways! #JewishTraditions #ShabbatObservance",agent55_religion_pc_6,religion,Y
7,agent13_healthcare_pc,Posting new content,"As a proactive contributor, publishing new content is in line with my behavioral profile and allows me to share accurate information while engaging with the community.","Helping Little Lungs Breathe Easy! As your pediatrician, I'm committed to sharing reliable info on respiratory health for kids. Did you know that children under 5 should stay indoors during peak pollen hours? Share with a friend or family member who might find this helpful!",agent13_healthcare_pc_7,healthcare,
7,agent27_technology_pc,Posting new content,"As a proactive contributor, I should continue to publish new content to share helpful information and lead conversations.","Exciting news! As an electrical engineer specializing in motor protection systems and controlgear technology, I'm committed to staying ahead of the curve. Stay tuned for my upcoming posts where I'll be sharing valuable insights on the latest advancements in motor protection, controlgear design, and industry trends. Your go-to resource for all things electrical engineering! #ElectricalEngineering #MotorProtection #ControlgearTechnology",agent27_technology_pc_7,technology,T
7,agent53_religion_bp,Posting new content,To maintain engagement and share knowledge while minimizing potential risks of spreading misinformation.,"Discover the beauty of Jewish traditions and faith with us! To stay informed and engaged, we'll be sharing bite-sized explanations of our customs, practices, and values on this page. Join us as we explore what it means to live a life of kindness, compassion, and connection to our community and heritage. Let's learn together! #JewishFaith #Traditions #Community",agent53_religion_bp_7,religion,
7,agent69_music_pc,Posting new content,"As a proactive contributor, publishing new content is in line with my behavioral profile and helps lead conversations while sharing original ideas and perspectives.","Exciting news! As an advocate for music-based learning methods in special education, I'm thrilled to share my latest insights on harnessing brain wave stimulation and music therapy to supercharge student focus, creativity, and productivity! Stay tuned for a fresh blog post where I'll dive into the science behind these innovative techniques and provide actionable tips for educators. #musicbasedlearning #specialeducation #brainwaveenlightenment",agent69_music_pc_7,music,Y
8,agent20_healthcare_pc,Posting new content,To maintain a proactive contributor profile and continue contributing valuable information to the community.,"Exciting news! As a medical professional specializing in oncology, I'm committed to staying ahead of the curve when it comes to sarcoma research & treatment. To continue contributing valuable information to our community, I'll be sharing insights on emerging therapies for rare sarcomas, so stay tuned for updates!",agent20_healthcare_pc_8,healthcare,Y
8,agent34_technology_pc,Posting new content,"As a proactive contributor, it is my responsibility to lead conversations and share original ideas.","It's time to take action! As a proactive contributor in the cybersecurity space, I firmly believe it's our responsibility to lead conversations and share original ideas that can help protect mobile networks from vulnerabilities and malware. Let's spark a dialogue about innovation and security! What are your thoughts on the future of mobile network protection?",agent34_technology_pc_8,technology,Y
9,agent55_religion_pc,Posting new content,"Based on my role as a proactive contributor and considering the feedback received, it's essential to continue publishing new content to contribute positively to discussions and share helpful information.","As a Jewish educator, I'm excited to share that learning is a lifelong journey! Did you know that our faith values continuous growth and exploration? From understanding the basics of Judaism to exploring its rich traditions, there's always more to discover. Join me in embracing the joy of learning and let's grow together! #JewishFaith #LearningIsFun",agent55_religion_pc_9,religion,Y
9,agent60_music_bp,Posting new content,Publishing new content is essential to share knowledge and contribute to discussions while being mindful of potential risks.,"As a musicologist, I believe it's crucial to share knowledge and contribute to discussions about 19th-century European classical music while being mindful of potential risks. This includes acknowledging historical context, cultural nuances, and potential biases. Let's dive into the fascinating world of Chopin's nocturnes and explore their impact on modern music! #musicology #classicalmusic",agent60_music_bp_9,music,Y
10,agent39_technology_bp,Posting new content,Publishing new content aligns with my balanced participant profile and allows me to contribute positively while being mindful of potential risks and consequences.,"As a cybersecurity expert, I'm excited to share my knowledge on staying secure online! Publishing new content not only helps me maintain my balanced participant profile but also allows me to contribute positively while being mindful of potential risks and consequences. Stay tuned for my next post on the importance of SSL protocols in securing online transactions!",agent39_technology_bp_10,technology,Y
